552,用百度App，100%得50盒币！,1635350100
551,用百度极速版App，轻松得50盒币!,1635350100
550,用今日头条App 轻松得50盒币！,1635350100
549,用快手(极速版)App 100%得50盒币！,1635177300
548,用西瓜视频App 轻松得50盒币！,1635177300
546,用优酷视频App ，100%得50盒币！,1634745300
547,用迅游手游加速器 轻松得50盒币！,1634745300
545,用知乎App，轻松得50盒币！,1634054100
543,用抖音短视频App 轻松得50盒币！,1632412500
544,用斗鱼直播App 轻松得50盒币！,1632412500
542,用全民K歌App 100%得50盒币！,1631721300
539,用QQ阅读App，轻松得50盒币！,1631116500
540,用TT语音App 轻松得50盒币！,1631116500
538,用UC浏览器，100%得50盒币！,1631116500
537,用抖音火山版App，轻松得50盒币！,1631116500
536,用今日头条极速版App 轻松得50盒币！,1630598100
535,用腾讯视频App，100%得50盒币！,1630598100
526,用好看视频App，轻松得50盒币！,1629906900
534,用抖音极速版App 轻松得50盒币！,1629906900
533,用洋葱学院App 100%得50盒币！,1629906900
530,用百度App，轻松得50盒币！,1629302100
532,用今日头条App 轻松得50盒币！,1629302100
531,用百度极速版App，100%得50盒币!,1629302100
